"","year","total_precip","gs_precip","mean_temp","gs_temp","soil_temp","gs_soil_temp"
"1","2016",991,852,14.3566684931507,21.0709906542056,14.0152054794521,19.1714018691589
"2","2018",811.2,516.4,12.8687753424658,20.5490280373832,13.1347150684932,18.8663364485981
"3","2020",832.8,621.4,13.1095928961749,19.3583878504673,13.3291338797814,18.3479439252336
"4","2022",825.7,601.7,12.7750383561644,20.4855794392523,12.6296931506849,17.8594859813084
"5","2023",629,382.6,13.6393711911357,20.701019047619,12.8555789473684,18.1834
